stage_norm,modality_norm,method_norm,combo_n,external_validation_count,multisource_integration_count,xai_broad_count,cross_site_robustness_count,external_validation_rate,multisource_integration_rate,xai_broad_rate,cross_site_robustness_rate,positive_practice_total,max_practice_rate,combo_label
Diagnosis,Neuroimaging,Deep Learning,47,2,3,15,3,0.0425531914893617,0.06382978723404255,0.3191489361702128,0.06382978723404255,23,0.3191489361702128,Diagnosis | Neuroimaging | Deep Learning (n=47)
Screening,Structured clinical/questionnaire data,Machine Learning,37,3,3,17,1,0.08108108108108109,0.08108108108108109,0.4594594594594595,0.02702702702702703,24,0.4594594594594595,Screening | Structured clinical/questionnaire data | Machine Learning (n=37)
Diagnosis,Neuroimaging,Machine Learning,34,2,3,10,2,0.058823529411764705,0.08823529411764706,0.29411764705882354,0.058823529411764705,17,0.29411764705882354,Diagnosis | Neuroimaging | Machine Learning (n=34)
Diagnosis,Biological/omics,Machine Learning,19,3,2,10,0,0.15789473684210525,0.10526315789473684,0.5263157894736842,0.0,15,0.5263157894736842,Diagnosis | Biological/omics | Machine Learning (n=19)
Screening,Behavioral images/video/gaze/movement,Deep Learning,18,1,0,3,1,0.05555555555555555,0.0,0.16666666666666666,0.05555555555555555,5,0.16666666666666666,Screening | Behavioral images/video/gaze/movement | Deep Learning (n=18)
Diagnosis,Structured clinical/questionnaire data,Machine Learning,17,2,5,7,0,0.11764705882352941,0.29411764705882354,0.4117647058823529,0.0,14,0.4117647058823529,Diagnosis | Structured clinical/questionnaire data | Machine Learning (n=17)
Diagnosis,Physiological signals,Deep Learning,17,0,0,2,0,0.0,0.0,0.11764705882352941,0.0,2,0.11764705882352941,Diagnosis | Physiological signals | Deep Learning (n=17)
Diagnosis,Physiological signals,Machine Learning,14,0,0,5,0,0.0,0.0,0.35714285714285715,0.0,5,0.35714285714285715,Diagnosis | Physiological signals | Machine Learning (n=14)
Screening,Behavioral images/video/gaze/movement,Machine Learning,12,1,3,2,0,0.08333333333333333,0.25,0.16666666666666666,0.0,6,0.25,Screening | Behavioral images/video/gaze/movement | Machine Learning (n=12)
Diagnosis,Multiple source categories,Deep Learning,10,3,10,2,3,0.3,1.0,0.2,0.3,18,1.0,Diagnosis | Multiple source categories | Deep Learning (n=10)
Diagnosis,Multiple source categories,Machine Learning,9,1,8,6,1,0.1111111111111111,0.8888888888888888,0.6666666666666666,0.1111111111111111,16,0.8888888888888888,Diagnosis | Multiple source categories | Machine Learning (n=9)
Screening,Structured clinical/questionnaire data,Deep Learning,9,0,0,1,0,0.0,0.0,0.1111111111111111,0.0,1,0.1111111111111111,Screening | Structured clinical/questionnaire data | Deep Learning (n=9)
Diagnosis,Behavioral images/video/gaze/movement,Deep Learning,9,0,0,1,0,0.0,0.0,0.1111111111111111,0.0,1,0.1111111111111111,Diagnosis | Behavioral images/video/gaze/movement | Deep Learning (n=9)
Diagnosis,Behavioral images/video/gaze/movement,Machine Learning,8,1,2,3,0,0.125,0.25,0.375,0.0,6,0.375,Diagnosis | Behavioral images/video/gaze/movement | Machine Learning (n=8)
Not specified,Biological/omics,Machine Learning,7,2,2,3,0,0.2857142857142857,0.2857142857142857,0.42857142857142855,0.0,7,0.42857142857142855,Not specified | Biological/omics | Machine Learning (n=7)
Diagnosis,Neuroimaging,Hybrid,7,0,1,1,0,0.0,0.14285714285714285,0.14285714285714285,0.0,2,0.14285714285714285,Diagnosis | Neuroimaging | Hybrid (n=7)
Monitoring/intervention,Behavioral images/video/gaze/movement,Deep Learning,7,0,0,1,0,0.0,0.0,0.14285714285714285,0.0,1,0.14285714285714285,Monitoring/intervention | Behavioral images/video/gaze/movement | Deep Learning (n=7)
Prognosis,Structured clinical/questionnaire data,Machine Learning,6,0,3,2,0,0.0,0.5,0.3333333333333333,0.0,5,0.5,Prognosis | Structured clinical/questionnaire data | Machine Learning (n=6)
Screening,Not specified,Deep Learning,6,0,0,2,0,0.0,0.0,0.3333333333333333,0.0,2,0.3333333333333333,Screening | Not specified | Deep Learning (n=6)
Not specified,Structured clinical/questionnaire data,Machine Learning,6,1,1,1,0,0.16666666666666666,0.16666666666666666,0.16666666666666666,0.0,3,0.16666666666666666,Not specified | Structured clinical/questionnaire data | Machine Learning (n=6)
Not specified,Neuroimaging,Machine Learning,6,0,1,1,0,0.0,0.16666666666666666,0.16666666666666666,0.0,2,0.16666666666666666,Not specified | Neuroimaging | Machine Learning (n=6)
Diagnosis,Text/language,Deep Learning,5,0,0,5,0,0.0,0.0,1.0,0.0,5,1.0,Diagnosis | Text/language | Deep Learning (n=5)
Monitoring/intervention,Multiple source categories,Deep Learning,5,0,5,0,0,0.0,1.0,0.0,0.0,5,1.0,Monitoring/intervention | Multiple source categories | Deep Learning (n=5)
Screening,Multiple source categories,Hybrid,4,0,4,1,0,0.0,1.0,0.25,0.0,5,1.0,Screening | Multiple source categories | Hybrid (n=4)
Prognosis,Multiple source categories,Machine Learning,4,0,4,1,0,0.0,1.0,0.25,0.0,5,1.0,Prognosis | Multiple source categories | Machine Learning (n=4)
Prescreening,Structured clinical/questionnaire data,Machine Learning,4,0,0,4,0,0.0,0.0,1.0,0.0,4,1.0,Prescreening | Structured clinical/questionnaire data | Machine Learning (n=4)
Not specified,Multiple source categories,Machine Learning,4,0,1,1,0,0.0,0.25,0.25,0.0,2,0.25,Not specified | Multiple source categories | Machine Learning (n=4)
Screening,Multiple source categories,Deep Learning,3,0,3,0,0,0.0,1.0,0.0,0.0,3,1.0,Screening | Multiple source categories | Deep Learning (n=3)
Screening,Physiological signals,Machine Learning,3,0,0,1,0,0.0,0.0,0.3333333333333333,0.0,1,0.3333333333333333,Screening | Physiological signals | Machine Learning (n=3)
Screening,Physiological signals,Deep Learning,3,0,0,1,0,0.0,0.0,0.3333333333333333,0.0,1,0.3333333333333333,Screening | Physiological signals | Deep Learning (n=3)
Diagnosis,Physiological signals,Hybrid,3,0,0,0,0,0.0,0.0,0.0,0.0,0,0.0,Diagnosis | Physiological signals | Hybrid (n=3)
Prognosis,Physiological signals,Machine Learning,3,0,0,0,0,0.0,0.0,0.0,0.0,0,0.0,Prognosis | Physiological signals | Machine Learning (n=3)
Monitoring/intervention,Behavioral images/video/gaze/movement,Not specified,3,0,0,0,0,0.0,0.0,0.0,0.0,0,0.0,Monitoring/intervention | Behavioral images/video/gaze/movement | Not specified (n=3)
Monitoring/intervention,Text/language,Deep Learning,3,0,0,0,0,0.0,0.0,0.0,0.0,0,0.0,Monitoring/intervention | Text/language | Deep Learning (n=3)
Diagnosis,Multiple source categories,Hybrid,2,1,2,2,1,0.5,1.0,1.0,0.5,6,1.0,Diagnosis | Multiple source categories | Hybrid (n=2)
Prognosis,Structured clinical/questionnaire data,Deep Learning,2,0,1,2,0,0.0,0.5,1.0,0.0,3,1.0,Prognosis | Structured clinical/questionnaire data | Deep Learning (n=2)
Prescreening,Multiple source categories,Machine Learning,2,0,1,1,0,0.0,0.5,0.5,0.0,2,0.5,Prescreening | Multiple source categories | Machine Learning (n=2)
Screening,Biological/omics,Machine Learning,2,1,0,1,0,0.5,0.0,0.5,0.0,2,0.5,Screening | Biological/omics | Machine Learning (n=2)
Prognosis,Neuroimaging,Machine Learning,2,0,1,1,0,0.0,0.5,0.5,0.0,2,0.5,Prognosis | Neuroimaging | Machine Learning (n=2)
Prognosis,Biological/omics,Machine Learning,2,0,1,1,0,0.0,0.5,0.5,0.0,2,0.5,Prognosis | Biological/omics | Machine Learning (n=2)
Screening,Structured clinical/questionnaire data,Hybrid,2,0,0,1,0,0.0,0.0,0.5,0.0,1,0.5,Screening | Structured clinical/questionnaire data | Hybrid (n=2)
Screening,Behavioral images/video/gaze/movement,Hybrid,2,0,1,0,0,0.0,0.5,0.0,0.0,1,0.5,Screening | Behavioral images/video/gaze/movement | Hybrid (n=2)
Screening,Behavioral images/video/gaze/movement,Not specified,2,0,0,1,0,0.0,0.0,0.5,0.0,1,0.5,Screening | Behavioral images/video/gaze/movement | Not specified (n=2)
Diagnosis,Behavioral images/video/gaze/movement,Hybrid,2,0,0,1,0,0.0,0.0,0.5,0.0,1,0.5,Diagnosis | Behavioral images/video/gaze/movement | Hybrid (n=2)
Monitoring/intervention,Behavioral images/video/gaze/movement,Hybrid,2,0,1,0,0,0.0,0.5,0.0,0.0,1,0.5,Monitoring/intervention | Behavioral images/video/gaze/movement | Hybrid (n=2)
Not specified,Biological/omics,Deep Learning,2,0,1,0,0,0.0,0.5,0.0,0.0,1,0.5,Not specified | Biological/omics | Deep Learning (n=2)
Screening,Text/language,Machine Learning,2,0,0,0,0,0.0,0.0,0.0,0.0,0,0.0,Screening | Text/language | Machine Learning (n=2)
Screening,Audio/voice,Deep Learning,2,0,0,0,0,0.0,0.0,0.0,0.0,0,0.0,Screening | Audio/voice | Deep Learning (n=2)
Diagnosis,Neuroimaging,Not specified,2,0,0,0,0,0.0,0.0,0.0,0.0,0,0.0,Diagnosis | Neuroimaging | Not specified (n=2)
Diagnosis,Not specified,Deep Learning,2,0,0,0,0,0.0,0.0,0.0,0.0,0,0.0,Diagnosis | Not specified | Deep Learning (n=2)
Monitoring/intervention,Text/language,Not specified,2,0,0,0,0,0.0,0.0,0.0,0.0,0,0.0,Monitoring/intervention | Text/language | Not specified (n=2)
Monitoring/intervention,Other biomedical/digital data,Not specified,2,0,0,0,0,0.0,0.0,0.0,0.0,0,0.0,Monitoring/intervention | Other biomedical/digital data | Not specified (n=2)
Not specified,Neuroimaging,Deep Learning,2,0,0,0,0,0.0,0.0,0.0,0.0,0,0.0,Not specified | Neuroimaging | Deep Learning (n=2)
Not specified,Text/language,Deep Learning,2,0,0,0,0,0.0,0.0,0.0,0.0,0,0.0,Not specified | Text/language | Deep Learning (n=2)
Screening,Multiple source categories,Machine Learning,1,0,1,1,0,0.0,1.0,1.0,0.0,2,1.0,Screening | Multiple source categories | Machine Learning (n=1)
Diagnosis,Multiple source categories,Not specified,1,0,1,1,0,0.0,1.0,1.0,0.0,2,1.0,Diagnosis | Multiple source categories | Not specified (n=1)
Screening,Neuroimaging,Deep Learning,1,0,0,1,0,0.0,0.0,1.0,0.0,1,1.0,Screening | Neuroimaging | Deep Learning (n=1)
Monitoring/intervention,Structured clinical/questionnaire data,Machine Learning,1,0,0,1,0,0.0,0.0,1.0,0.0,1,1.0,Monitoring/intervention | Structured clinical/questionnaire data | Machine Learning (n=1)
Monitoring/intervention,Multiple source categories,Hybrid,1,0,1,0,0,0.0,1.0,0.0,0.0,1,1.0,Monitoring/intervention | Multiple source categories | Hybrid (n=1)
Monitoring/intervention,Physiological signals,Not specified,1,0,1,0,0,0.0,1.0,0.0,0.0,1,1.0,Monitoring/intervention | Physiological signals | Not specified (n=1)
Not specified,Physiological signals,Deep Learning,1,0,0,1,0,0.0,0.0,1.0,0.0,1,1.0,Not specified | Physiological signals | Deep Learning (n=1)
Not specified,Other biomedical/digital data,Deep Learning,1,0,0,1,0,0.0,0.0,1.0,0.0,1,1.0,Not specified | Other biomedical/digital data | Deep Learning (n=1)
Prescreening,Text/language,Machine Learning,1,0,0,0,0,0.0,0.0,0.0,0.0,0,0.0,Prescreening | Text/language | Machine Learning (n=1)
Prescreening,Other biomedical/digital data,Machine Learning,1,0,0,0,0,0.0,0.0,0.0,0.0,0,0.0,Prescreening | Other biomedical/digital data | Machine Learning (n=1)
Screening,Audio/voice,Not specified,1,0,0,0,0,0.0,0.0,0.0,0.0,0,0.0,Screening | Audio/voice | Not specified (n=1)
Screening,Other biomedical/digital data,Machine Learning,1,0,0,0,0,0.0,0.0,0.0,0.0,0,0.0,Screening | Other biomedical/digital data | Machine Learning (n=1)
Screening,Not specified,Machine Learning,1,0,0,0,0,0.0,0.0,0.0,0.0,0,0.0,Screening | Not specified | Machine Learning (n=1)
Screening,Not specified,Hybrid,1,0,0,0,0,0.0,0.0,0.0,0.0,0,0.0,Screening | Not specified | Hybrid (n=1)
Diagnosis,Structured clinical/questionnaire data,Deep Learning,1,0,0,0,0,0.0,0.0,0.0,0.0,0,0.0,Diagnosis | Structured clinical/questionnaire data | Deep Learning (n=1)
Diagnosis,Behavioral images/video/gaze/movement,Not specified,1,0,0,0,0,0.0,0.0,0.0,0.0,0,0.0,Diagnosis | Behavioral images/video/gaze/movement | Not specified (n=1)
Diagnosis,Audio/voice,Machine Learning,1,0,0,0,0,0.0,0.0,0.0,0.0,0,0.0,Diagnosis | Audio/voice | Machine Learning (n=1)
Diagnosis,Audio/voice,Hybrid,1,0,0,0,0,0.0,0.0,0.0,0.0,0,0.0,Diagnosis | Audio/voice | Hybrid (n=1)
Diagnosis,Audio/voice,Not specified,1,0,0,0,0,0.0,0.0,0.0,0.0,0,0.0,Diagnosis | Audio/voice | Not specified (n=1)
Diagnosis,Other biomedical/digital data,Machine Learning,1,0,0,0,0,0.0,0.0,0.0,0.0,0,0.0,Diagnosis | Other biomedical/digital data | Machine Learning (n=1)
Diagnosis,Not specified,Machine Learning,1,0,0,0,0,0.0,0.0,0.0,0.0,0,0.0,Diagnosis | Not specified | Machine Learning (n=1)
Diagnosis,Not specified,Not specified,1,0,0,0,0,0.0,0.0,0.0,0.0,0,0.0,Diagnosis | Not specified | Not specified (n=1)
Prognosis,Behavioral images/video/gaze/movement,Machine Learning,1,0,0,0,0,0.0,0.0,0.0,0.0,0,0.0,Prognosis | Behavioral images/video/gaze/movement | Machine Learning (n=1)
Prognosis,Biological/omics,Deep Learning,1,0,0,0,0,0.0,0.0,0.0,0.0,0,0.0,Prognosis | Biological/omics | Deep Learning (n=1)
Prognosis,Audio/voice,Machine Learning,1,0,0,0,0,0.0,0.0,0.0,0.0,0,0.0,Prognosis | Audio/voice | Machine Learning (n=1)
Monitoring/intervention,Behavioral images/video/gaze/movement,Machine Learning,1,0,0,0,0,0.0,0.0,0.0,0.0,0,0.0,Monitoring/intervention | Behavioral images/video/gaze/movement | Machine Learning (n=1)
Monitoring/intervention,Multiple source categories,Not specified,1,0,0,0,0,0.0,0.0,0.0,0.0,0,0.0,Monitoring/intervention | Multiple source categories | Not specified (n=1)
Monitoring/intervention,Physiological signals,Machine Learning,1,0,0,0,0,0.0,0.0,0.0,0.0,0,0.0,Monitoring/intervention | Physiological signals | Machine Learning (n=1)
Monitoring/intervention,Physiological signals,Hybrid,1,0,0,0,0,0.0,0.0,0.0,0.0,0,0.0,Monitoring/intervention | Physiological signals | Hybrid (n=1)
Monitoring/intervention,Biological/omics,Machine Learning,1,0,0,0,0,0.0,0.0,0.0,0.0,0,0.0,Monitoring/intervention | Biological/omics | Machine Learning (n=1)
Monitoring/intervention,Audio/voice,Deep Learning,1,0,0,0,0,0.0,0.0,0.0,0.0,0,0.0,Monitoring/intervention | Audio/voice | Deep Learning (n=1)
Monitoring/intervention,Audio/voice,Not specified,1,0,0,0,0,0.0,0.0,0.0,0.0,0,0.0,Monitoring/intervention | Audio/voice | Not specified (n=1)
Monitoring/intervention,Other biomedical/digital data,Hybrid,1,0,0,0,0,0.0,0.0,0.0,0.0,0,0.0,Monitoring/intervention | Other biomedical/digital data | Hybrid (n=1)
Monitoring/intervention,Not specified,Machine Learning,1,0,0,0,0,0.0,0.0,0.0,0.0,0,0.0,Monitoring/intervention | Not specified | Machine Learning (n=1)
Monitoring/intervention,Not specified,Deep Learning,1,0,0,0,0,0.0,0.0,0.0,0.0,0,0.0,Monitoring/intervention | Not specified | Deep Learning (n=1)
Monitoring/intervention,Not specified,Not specified,1,0,0,0,0,0.0,0.0,0.0,0.0,0,0.0,Monitoring/intervention | Not specified | Not specified (n=1)
